DROP TABLE IF EXISTS `users`;
DROP TABLE IF EXISTS `monsters`;
DROP TABLE IF EXISTS `monster_types`;
DROP TABLE IF EXISTS `monster_exp`;
DROP TABLE IF EXISTS `monster_exp_groups`;

-- --------------------------------------------------------

--
-- Table structure for table `users`
--

CREATE TABLE IF NOT EXISTS `users` (
  `id` int(11) NOT NULL AUTO_INCREMENT,
  `user` varchar(12) NOT NULL COMMENT 'in-game name',
  `x` int(11) NOT NULL DEFAULT '0' COMMENT 'last recorded x position',
  `y` int(11) NOT NULL DEFAULT '0' COMMENT 'last recorded y position',
  `facing` varchar(5) NOT NULL DEFAULT 'down' COMMENT 'direction player faces',
  `skin` varchar(20) NOT NULL,
  `state` varchar(20) NOT NULL,
  `map` varchar(30) NOT NULL,
  PRIMARY KEY (`id`),
  UNIQUE (`user`)
) ENGINE=InnoDB DEFAULT CHARSET=UTF8;

--
-- Dumping data for table `users`
--

INSERT INTO `users` (`user`, `x`, `y`, `facing`, `skin`, `state`, `map`) VALUES
('Jake', 416, 2960, 'up', 'boy', 'idle', 'RsWorld'),
('Joncom', 416, 2960, 'up', 'girl', 'idle', 'RsWorld'),
('kitti', 256, 224, 'right', 'boy', 'idle', 'RsBattleTower');

--
-- Table structure for table `monster_types`
--

CREATE TABLE IF NOT EXISTS `monster_types` (
  `id` varchar(8) NOT NULL COMMENT 'Type Name',
  PRIMARY KEY (`id`)
) ENGINE=InnoDB DEFAULT CHARSET=UTF8;

--
-- Dumping data for table `monster_types`
--

INSERT INTO `monster_types` (`id`) VALUES('bug');
INSERT INTO `monster_types` (`id`) VALUES('dark');
INSERT INTO `monster_types` (`id`) VALUES('dragon');
INSERT INTO `monster_types` (`id`) VALUES('electric');
INSERT INTO `monster_types` (`id`) VALUES('fighting');
INSERT INTO `monster_types` (`id`) VALUES('fire');
INSERT INTO `monster_types` (`id`) VALUES('flying');
INSERT INTO `monster_types` (`id`) VALUES('ghost');
INSERT INTO `monster_types` (`id`) VALUES('grass');
INSERT INTO `monster_types` (`id`) VALUES('ground');
INSERT INTO `monster_types` (`id`) VALUES('ice');
INSERT INTO `monster_types` (`id`) VALUES('normal');
INSERT INTO `monster_types` (`id`) VALUES('poison');
INSERT INTO `monster_types` (`id`) VALUES('psychic');
INSERT INTO `monster_types` (`id`) VALUES('rock');
INSERT INTO `monster_types` (`id`) VALUES('steel');
INSERT INTO `monster_types` (`id`) VALUES('water');

--
-- Table structure for table `monster_exp_groups`
--

CREATE TABLE IF NOT EXISTS `monster_exp_groups` (
  `group` varchar(15) NOT NULL,
  PRIMARY KEY (`group`)
) ENGINE=InnoDB DEFAULT CHARSET=UTF8 COMMENT='Experience Groups';

--
-- Dumping data for table `monster_exp_groups`
--

INSERT INTO `monster_exp_groups` (`group`) VALUES('erratic');
INSERT INTO `monster_exp_groups` (`group`) VALUES('fast');
INSERT INTO `monster_exp_groups` (`group`) VALUES('fluctuating');
INSERT INTO `monster_exp_groups` (`group`) VALUES('medium_fast');
INSERT INTO `monster_exp_groups` (`group`) VALUES('medium_slow');
INSERT INTO `monster_exp_groups` (`group`) VALUES('slow');

--
-- Table structure for table `monster_exp`
--

CREATE TABLE IF NOT EXISTS `monster_exp` (
  `level` tinyint(4) NOT NULL,
  `group` varchar(11) NOT NULL,
  `next_level` mediumint(9) NOT NULL,
  `total` mediumint(9) NOT NULL,
  FOREIGN KEY (`group`) REFERENCES monster_exp_groups(`group`),
  UNIQUE KEY `no_duplicates` (`level`,`group`)
) ENGINE=InnoDB DEFAULT CHARSET=UTF8 COMMENT='Experience Table';

--
-- Dumping data for table `monster_exp`
--

INSERT INTO `monster_exp` (`level`, `group`, `next_level`, `total`) VALUES
(1, 'erratic', 15, 0),
(1, 'fast', 6, 0),
(1, 'fluctuating', 4, 0),
(1, 'medium_fast', 8, 0),
(1, 'medium_slow', 9, 0),
(1, 'slow', 10, 0),
(2, 'erratic', 37, 15),
(2, 'fast', 15, 6),
(2, 'fluctuating', 9, 4),
(2, 'medium_fast', 19, 8),
(2, 'medium_slow', 48, 9),
(2, 'slow', 23, 10),
(3, 'erratic', 70, 52),
(3, 'fast', 30, 21),
(3, 'fluctuating', 19, 13),
(3, 'medium_fast', 37, 27),
(3, 'medium_slow', 39, 57),
(3, 'slow', 47, 33),
(4, 'erratic', 115, 122),
(4, 'fast', 49, 51),
(4, 'fluctuating', 33, 32),
(4, 'medium_fast', 61, 64),
(4, 'medium_slow', 39, 96),
(4, 'slow', 76, 80),
(5, 'erratic', 169, 237),
(5, 'fast', 72, 100),
(5, 'fluctuating', 47, 65),
(5, 'medium_fast', 91, 125),
(5, 'medium_slow', 44, 135),
(5, 'slow', 114, 156),
(6, 'erratic', 231, 406),
(6, 'fast', 102, 172),
(6, 'fluctuating', 66, 112),
(6, 'medium_fast', 127, 216),
(6, 'medium_slow', 57, 179),
(6, 'slow', 158, 270),
(7, 'erratic', 305, 637),
(7, 'fast', 135, 274),
(7, 'fluctuating', 98, 178),
(7, 'medium_fast', 169, 343),
(7, 'medium_slow', 78, 236),
(7, 'slow', 212, 428),
(8, 'erratic', 384, 942),
(8, 'fast', 174, 409),
(8, 'fluctuating', 117, 276),
(8, 'medium_fast', 217, 512),
(8, 'medium_slow', 105, 314),
(8, 'slow', 271, 640),
(9, 'erratic', 474, 1326),
(9, 'fast', 217, 583),
(9, 'fluctuating', 147, 393),
(9, 'medium_fast', 271, 729),
(9, 'medium_slow', 141, 419),
(9, 'slow', 339, 911),
(10, 'erratic', 569, 1800),
(10, 'fast', 264, 800),
(10, 'fluctuating', 205, 540),
(10, 'medium_fast', 331, 1000),
(10, 'medium_slow', 182, 560),
(10, 'slow', 413, 1250),
(11, 'erratic', 672, 2369),
(11, 'fast', 318, 1064),
(11, 'fluctuating', 222, 745),
(11, 'medium_fast', 397, 1331),
(11, 'medium_slow', 231, 742),
(11, 'slow', 497, 1663),
(12, 'erratic', 781, 3041),
(12, 'fast', 375, 1382),
(12, 'fluctuating', 263, 967),
(12, 'medium_fast', 469, 1728),
(12, 'medium_slow', 288, 973),
(12, 'slow', 586, 2160),
(13, 'erratic', 897, 3822),
(13, 'fast', 438, 1757),
(13, 'fluctuating', 361, 1230),
(13, 'medium_fast', 547, 2197),
(13, 'medium_slow', 351, 1261),
(13, 'slow', 684, 2746),
(14, 'erratic', 1018, 4719),
(14, 'fast', 505, 2195),
(14, 'fluctuating', 366, 1591),
(14, 'medium_fast', 631, 2744),
(14, 'medium_slow', 423, 1612),
(14, 'slow', 788, 3430),
(15, 'erratic', 1144, 5737),
(15, 'fast', 576, 2700),
(15, 'fluctuating', 500, 1957),
(15, 'medium_fast', 721, 3375),
(15, 'medium_slow', 500, 2035),
(15, 'slow', 902, 4218),
(16, 'erratic', 1274, 6881),
(16, 'fast', 654, 3276),
(16, 'fluctuating', 589, 2457),
(16, 'medium_fast', 817, 4096),
(16, 'medium_slow', 585, 2535),
(16, 'slow', 1021, 5120),
(17, 'erratic', 1409, 8155),
(17, 'fast', 735, 3930),
(17, 'fluctuating', 686, 3046),
(17, 'medium_fast', 919, 4913),
(17, 'medium_slow', 678, 3120),
(17, 'slow', 1149, 6141),
(18, 'erratic', 1547, 9564),
(18, 'fast', 822, 4665),
(18, 'fluctuating', 794, 3732),
(18, 'medium_fast', 1027, 5832),
(18, 'medium_slow', 777, 3798),
(18, 'slow', 1283, 7290),
(19, 'erratic', 1689, 11111),
(19, 'fast', 913, 5487),
(19, 'fluctuating', 914, 4526),
(19, 'medium_fast', 1141, 6859),
(19, 'medium_slow', 885, 4575),
(19, 'slow', 1427, 8573),
(20, 'erratic', 1832, 12800),
(20, 'fast', 1008, 6400),
(20, 'fluctuating', 1042, 5440),
(20, 'medium_fast', 1261, 8000),
(20, 'medium_slow', 998, 5460),
(20, 'slow', 1576, 10000),
(21, 'erratic', 1978, 14632),
(21, 'fast', 1110, 7408),
(21, 'fluctuating', 1184, 6482),
(21, 'medium_fast', 1387, 9261),
(21, 'medium_slow', 1119, 6458),
(21, 'slow', 1734, 11576),
(22, 'erratic', 2127, 16610),
(22, 'fast', 1215, 8518),
(22, 'fluctuating', 1337, 7666),
(22, 'medium_fast', 1519, 10648),
(22, 'medium_slow', 1248, 7577),
(22, 'slow', 1898, 13310),
(23, 'erratic', 2275, 18737),
(23, 'fast', 1326, 9733),
(23, 'fluctuating', 1503, 9003),
(23, 'medium_fast', 1657, 12167),
(23, 'medium_slow', 1383, 8825),
(23, 'slow', 2072, 15208),
(24, 'erratic', 2425, 21012),
(24, 'fast', 1441, 11059),
(24, 'fluctuating', 1681, 10506),
(24, 'medium_fast', 1801, 13824),
(24, 'medium_slow', 1527, 10208),
(24, 'slow', 2251, 17280),
(25, 'erratic', 2575, 23437),
(25, 'fast', 1560, 12500),
(25, 'fluctuating', 1873, 12187),
(25, 'medium_fast', 1951, 15625),
(25, 'medium_slow', 1676, 11735),
(25, 'slow', 2439, 19531),
(26, 'erratic', 2725, 26012),
(26, 'fast', 1686, 14060),
(26, 'fluctuating', 2080, 14060),
(26, 'medium_fast', 2107, 17576),
(26, 'medium_slow', 1833, 13411),
(26, 'slow', 2633, 21970),
(27, 'erratic', 2873, 28737),
(27, 'fast', 1815, 15746),
(27, 'fluctuating', 2299, 16140),
(27, 'medium_fast', 2269, 19683),
(27, 'medium_slow', 1998, 15244),
(27, 'slow', 2837, 24603),
(28, 'erratic', 3022, 31610),
(28, 'fast', 1950, 17561),
(28, 'fluctuating', 2535, 18439),
(28, 'medium_fast', 2437, 21952),
(28, 'medium_slow', 2169, 17242),
(28, 'slow', 3046, 27440),
(29, 'erratic', 3168, 34632),
(29, 'fast', 2089, 19511),
(29, 'fluctuating', 2786, 20974),
(29, 'medium_fast', 2611, 24389),
(29, 'medium_slow', 2349, 19411),
(29, 'slow', 3264, 30486),
(30, 'erratic', 3311, 37800),
(30, 'fast', 2232, 21600),
(30, 'fluctuating', 3051, 23760),
(30, 'medium_fast', 2791, 27000),
(30, 'medium_slow', 2534, 21760),
(30, 'slow', 3488, 33750),
(31, 'erratic', 3453, 41111),
(31, 'fast', 2382, 23832),
(31, 'fluctuating', 3335, 26811),
(31, 'medium_fast', 2977, 29791),
(31, 'medium_slow', 2727, 24294),
(31, 'slow', 3722, 37238),
(32, 'erratic', 3591, 44564),
(32, 'fast', 2535, 26214),
(32, 'fluctuating', 3634, 30146),
(32, 'medium_fast', 3169, 32768),
(32, 'medium_slow', 2928, 27021),
(32, 'slow', 3961, 40960),
(33, 'erratic', 3726, 48155),
(33, 'fast', 2694, 28749),
(33, 'fluctuating', 3951, 33780),
(33, 'medium_fast', 3367, 35937),
(33, 'medium_slow', 3135, 29949),
(33, 'slow', 4209, 44921),
(34, 'erratic', 3856, 51881),
(34, 'fast', 2857, 31443),
(34, 'fluctuating', 4286, 37731),
(34, 'medium_fast', 3571, 39304),
(34, 'medium_slow', 3351, 33084),
(34, 'slow', 4463, 49130),
(35, 'erratic', 3982, 55737),
(35, 'fast', 3024, 34300),
(35, 'fluctuating', 4639, 42017),
(35, 'medium_fast', 3781, 42875),
(35, 'medium_slow', 3572, 36435),
(35, 'slow', 4727, 53593),
(36, 'erratic', 4103, 59719),
(36, 'fast', 3198, 37324),
(36, 'fluctuating', 3997, 46656),
(36, 'medium_fast', 3997, 46656),
(36, 'medium_slow', 3801, 40007),
(36, 'slow', 4996, 58320),
(37, 'erratic', 4219, 63822),
(37, 'fast', 3375, 40522),
(37, 'fluctuating', 5316, 50653),
(37, 'medium_fast', 4219, 50653),
(37, 'medium_slow', 4038, 43808),
(37, 'slow', 5274, 63316),
(38, 'erratic', 4328, 68041),
(38, 'fast', 3558, 43897),
(38, 'fluctuating', 4536, 55969),
(38, 'medium_fast', 4447, 54872),
(38, 'medium_slow', 4281, 47846),
(38, 'slow', 5558, 68590),
(39, 'erratic', 4431, 72369),
(39, 'fast', 3745, 47455),
(39, 'fluctuating', 6055, 60505),
(39, 'medium_fast', 4681, 59319),
(39, 'medium_slow', 4533, 52127),
(39, 'slow', 5852, 74148),
(40, 'erratic', 4526, 76800),
(40, 'fast', 3936, 51200),
(40, 'fluctuating', 5117, 66560),
(40, 'medium_fast', 4921, 64000),
(40, 'medium_slow', 4790, 56660),
(40, 'slow', 6151, 80000),
(41, 'erratic', 4616, 81326),
(41, 'fast', 4134, 55136),
(41, 'fluctuating', 6856, 71677),
(41, 'medium_fast', 5167, 68921),
(41, 'medium_slow', 5055, 61450),
(41, 'slow', 6459, 86151),
(42, 'erratic', 4695, 85942),
(42, 'fast', 4335, 59270),
(42, 'fluctuating', 5744, 78533),
(42, 'medium_fast', 5419, 74088),
(42, 'medium_slow', 5328, 66505),
(42, 'slow', 6773, 92610),
(43, 'erratic', 4769, 90637),
(43, 'fast', 4542, 63605),
(43, 'fluctuating', 7721, 84277),
(43, 'medium_fast', 5677, 79507),
(43, 'medium_slow', 5607, 71833),
(43, 'slow', 7097, 99383),
(44, 'erratic', 4831, 95406),
(44, 'fast', 4753, 68147),
(44, 'fluctuating', 6417, 91998),
(44, 'medium_fast', 5941, 85184),
(44, 'medium_slow', 5895, 77440),
(44, 'slow', 7426, 106480),
(45, 'erratic', 4885, 100237),
(45, 'fast', 4968, 72900),
(45, 'fluctuating', 8654, 98415),
(45, 'medium_fast', 6211, 91125),
(45, 'medium_slow', 6188, 83335),
(45, 'slow', 7764, 113906),
(46, 'erratic', 4930, 105122),
(46, 'fast', 5190, 77868),
(46, 'fluctuating', 7136, 107069),
(46, 'medium_fast', 6487, 97336),
(46, 'medium_slow', 6489, 89523),
(46, 'slow', 8108, 121670),
(47, 'erratic', 4963, 110052),
(47, 'fast', 5415, 83058),
(47, 'fluctuating', 9658, 114205),
(47, 'medium_fast', 6769, 103823),
(47, 'medium_slow', 6798, 96012),
(47, 'slow', 8462, 129778),
(48, 'erratic', 4986, 115015),
(48, 'fast', 5646, 88473),
(48, 'fluctuating', 7903, 123863),
(48, 'medium_fast', 7057, 110592),
(48, 'medium_slow', 7113, 102810),
(48, 'slow', 8821, 138240),
(49, 'erratic', 4999, 120001),
(49, 'fast', 5881, 94119),
(49, 'fluctuating', 10734, 131766),
(49, 'medium_fast', 7351, 117649),
(49, 'medium_slow', 7437, 109923),
(49, 'slow', 9189, 147061),
(50, 'erratic', 6324, 125000),
(50, 'fast', 6120, 100000),
(50, 'fluctuating', 8722, 142500),
(50, 'medium_fast', 7651, 125000),
(50, 'medium_slow', 7766, 117360),
(50, 'slow', 9563, 156250),
(51, 'erratic', 6471, 131324),
(51, 'fast', 6366, 106120),
(51, 'fluctuating', 11883, 151222),
(51, 'medium_fast', 7957, 132651),
(51, 'medium_slow', 8103, 125126),
(51, 'slow', 9947, 165813),
(52, 'erratic', 6615, 137795),
(52, 'fast', 6615, 112486),
(52, 'fluctuating', 9592, 163105),
(52, 'medium_fast', 8269, 140608),
(52, 'medium_slow', 8448, 133229),
(52, 'slow', 10336, 175760),
(53, 'erratic', 6755, 144410),
(53, 'fast', 6870, 119101),
(53, 'fluctuating', 13110, 172697),
(53, 'medium_fast', 8587, 148877),
(53, 'medium_slow', 8799, 141677),
(53, 'slow', 10734, 186096),
(54, 'erratic', 6891, 151165),
(54, 'fast', 7129, 125971),
(54, 'fluctuating', 10515, 185807),
(54, 'medium_fast', 8911, 157464),
(54, 'medium_slow', 9159, 150476),
(54, 'slow', 11138, 196830),
(55, 'erratic', 7023, 158056),
(55, 'fast', 7392, 133100),
(55, 'fluctuating', 14417, 196322),
(55, 'medium_fast', 9241, 166375),
(55, 'medium_slow', 9524, 159635),
(55, 'slow', 11552, 207968),
(56, 'erratic', 7150, 165079),
(56, 'fast', 7662, 140492),
(56, 'fluctuating', 11492, 210739),
(56, 'medium_fast', 9577, 175616),
(56, 'medium_slow', 9897, 169159),
(56, 'slow', 11971, 219520),
(57, 'erratic', 7274, 172229),
(57, 'fast', 7935, 148154),
(57, 'fluctuating', 15805, 222231),
(57, 'medium_fast', 9919, 185193),
(57, 'medium_slow', 10278, 179056),
(57, 'slow', 12399, 231491),
(58, 'erratic', 7391, 179503),
(58, 'fast', 8214, 156089),
(58, 'fluctuating', 12526, 238036),
(58, 'medium_fast', 10267, 195112),
(58, 'medium_slow', 10665, 189334),
(58, 'slow', 12833, 243890),
(59, 'erratic', 7506, 186894),
(59, 'fast', 8497, 164303),
(59, 'fluctuating', 17278, 250562),
(59, 'medium_fast', 10621, 205379),
(59, 'medium_slow', 11061, 199999),
(59, 'slow', 13277, 256723),
(60, 'erratic', 7613, 194400),
(60, 'fast', 8784, 172800),
(60, 'fluctuating', 13616, 267840),
(60, 'medium_fast', 10981, 216000),
(60, 'medium_slow', 11462, 211060),
(60, 'slow', 13726, 270000),
(61, 'erratic', 7715, 202013),
(61, 'fast', 9078, 181584),
(61, 'fluctuating', 18837, 281456),
(61, 'medium_fast', 11347, 226981),
(61, 'medium_slow', 11871, 222522),
(61, 'slow', 14184, 283726),
(62, 'erratic', 7812, 209728),
(62, 'fast', 9375, 190662),
(62, 'fluctuating', 14766, 300293),
(62, 'medium_fast', 11719, 238328),
(62, 'medium_slow', 12288, 234393),
(62, 'slow', 14648, 297910),
(63, 'erratic', 7903, 217540),
(63, 'fast', 9678, 200037),
(63, 'fluctuating', 20485, 315059),
(63, 'medium_fast', 12097, 250047),
(63, 'medium_slow', 12711, 246681),
(63, 'slow', 15122, 312558),
(64, 'erratic', 7988, 225443),
(64, 'fast', 9985, 209715),
(64, 'fluctuating', 15976, 335544),
(64, 'medium_fast', 12481, 262144),
(64, 'medium_slow', 13143, 259392),
(64, 'slow', 15601, 327680),
(65, 'erratic', 8065, 233431),
(65, 'fast', 10296, 219700),
(65, 'fluctuating', 22224, 351520),
(65, 'medium_fast', 12871, 274625),
(65, 'medium_slow', 13580, 272535),
(65, 'slow', 16089, 343281),
(66, 'erratic', 8137, 241496),
(66, 'fast', 10614, 229996),
(66, 'fluctuating', 17247, 373744),
(66, 'medium_fast', 13267, 287496),
(66, 'medium_slow', 14025, 286115),
(66, 'slow', 16583, 359370),
(67, 'erratic', 8201, 249633),
(67, 'fast', 10935, 240610),
(67, 'fluctuating', 24059, 390991),
(67, 'medium_fast', 13669, 300763),
(67, 'medium_slow', 14478, 300140),
(67, 'slow', 17087, 375953),
(68, 'erratic', 9572, 257834),
(68, 'fast', 11262, 251545),
(68, 'fluctuating', 18581, 415050),
(68, 'medium_fast', 14077, 314432),
(68, 'medium_slow', 14937, 314618),
(68, 'slow', 17596, 393040),
(69, 'erratic', 9052, 267406),
(69, 'fast', 11593, 262807),
(69, 'fluctuating', 25989, 433631),
(69, 'medium_fast', 14491, 328509),
(69, 'medium_slow', 15405, 329555),
(69, 'slow', 18114, 410636),
(70, 'erratic', 9870, 276458),
(70, 'fast', 11928, 274400),
(70, 'fluctuating', 19980, 459620),
(70, 'medium_fast', 14911, 343000),
(70, 'medium_slow', 15878, 344960),
(70, 'slow', 18638, 428750),
(71, 'erratic', 10030, 286328),
(71, 'fast', 12270, 286328),
(71, 'fluctuating', 28017, 479600),
(71, 'medium_fast', 15337, 357911),
(71, 'medium_slow', 16359, 360838),
(71, 'slow', 19172, 447388),
(72, 'erratic', 9409, 296358),
(72, 'fast', 12615, 298598),
(72, 'fluctuating', 21446, 507617),
(72, 'medium_fast', 15769, 373248),
(72, 'medium_slow', 16848, 377197),
(72, 'slow', 19711, 466560),
(73, 'erratic', 10307, 305767),
(73, 'fast', 12966, 311213),
(73, 'fluctuating', 30146, 529063),
(73, 'medium_fast', 16207, 389017),
(73, 'medium_slow', 17343, 394045),
(73, 'slow', 20259, 486271),
(74, 'erratic', 10457, 316074),
(74, 'fast', 13321, 324179),
(74, 'fluctuating', 22978, 559209),
(74, 'medium_fast', 16651, 405224),
(74, 'medium_slow', 17847, 411388),
(74, 'slow', 20813, 506530),
(75, 'erratic', 9724, 326531),
(75, 'fast', 13680, 337500),
(75, 'fluctuating', 32379, 582187),
(75, 'medium_fast', 17101, 421875),
(75, 'medium_slow', 18356, 429235),
(75, 'slow', 21377, 527343),
(76, 'erratic', 10710, 336255),
(76, 'fast', 14046, 351180),
(76, 'fluctuating', 24580, 614566),
(76, 'medium_fast', 17557, 438976),
(76, 'medium_slow', 18873, 447591),
(76, 'slow', 21946, 548720),
(77, 'erratic', 10847, 346965),
(77, 'fast', 14415, 365226),
(77, 'fluctuating', 34717, 639146),
(77, 'medium_fast', 18019, 456533),
(77, 'medium_slow', 19398, 466464),
(77, 'slow', 22524, 570666),
(78, 'erratic', 9995, 357812),
(78, 'fast', 14790, 379641),
(78, 'fluctuating', 26252, 673863),
(78, 'medium_fast', 18487, 474552),
(78, 'medium_slow', 19929, 485862),
(78, 'slow', 23108, 593190),
(79, 'erratic', 11073, 367807),
(79, 'fast', 15169, 394431),
(79, 'fluctuating', 37165, 700115),
(79, 'medium_fast', 18961, 493039),
(79, 'medium_slow', 20469, 505791),
(79, 'slow', 23702, 616298),
(80, 'erratic', 11197, 378880),
(80, 'fast', 15552, 409600),
(80, 'fluctuating', 27995, 737280),
(80, 'medium_fast', 19441, 512000),
(80, 'medium_slow', 21014, 526260),
(80, 'slow', 24301, 640000),
(81, 'erratic', 10216, 390077),
(81, 'fast', 15942, 425152),
(81, 'fluctuating', 39722, 765275),
(81, 'medium_fast', 19927, 531441),
(81, 'medium_slow', 21567, 547274),
(81, 'slow', 24909, 664301),
(82, 'erratic', 11393, 400293),
(82, 'fast', 16335, 441094),
(82, 'fluctuating', 29812, 804997),
(82, 'medium_fast', 20419, 551368),
(82, 'medium_slow', 22128, 568841),
(82, 'slow', 25523, 689210),
(83, 'erratic', 11504, 411686),
(83, 'fast', 16734, 457429),
(83, 'fluctuating', 42392, 834809),
(83, 'medium_fast', 20917, 571787),
(83, 'medium_slow', 22695, 590969),
(83, 'slow', 26147, 714733),
(84, 'erratic', 10382, 423190),
(84, 'fast', 17137, 474163),
(84, 'fluctuating', 31704, 877201),
(84, 'medium_fast', 21421, 592704),
(84, 'medium_slow', 23271, 613664),
(84, 'slow', 26776, 740880),
(85, 'erratic', 11667, 433572),
(85, 'fast', 17544, 491300),
(85, 'fluctuating', 45179, 908905),
(85, 'medium_fast', 21931, 614125),
(85, 'medium_slow', 23852, 636935),
(85, 'slow', 27414, 767656),
(86, 'erratic', 11762, 445239),
(86, 'fast', 17958, 508844),
(86, 'fluctuating', 33670, 954084),
(86, 'medium_fast', 22447, 636056),
(86, 'medium_slow', 24441, 660787),
(86, 'slow', 28058, 795070),
(87, 'erratic', 10488, 457001),
(87, 'fast', 18375, 526802),
(87, 'fluctuating', 48083, 987754),
(87, 'medium_fast', 22969, 658503),
(87, 'medium_slow', 25038, 685228),
(87, 'slow', 28712, 823128),
(88, 'erratic', 11889, 467489),
(88, 'fast', 18798, 545177),
(88, 'fluctuating', 35715, 1035837),
(88, 'medium_fast', 23497, 681472),
(88, 'medium_slow', 25641, 710266),
(88, 'slow', 29371, 851840),
(89, 'erratic', 11968, 479378),
(89, 'fast', 19225, 563975),
(89, 'fluctuating', 51108, 1071552),
(89, 'medium_fast', 24031, 704969),
(89, 'medium_slow', 26253, 735907),
(89, 'slow', 30039, 881211),
(90, 'erratic', 10532, 491346),
(90, 'fast', 19656, 583200),
(90, 'fluctuating', 37839, 1122660),
(90, 'medium_fast', 24571, 729000),
(90, 'medium_slow', 26870, 762160),
(90, 'slow', 30713, 911250),
(91, 'erratic', 12056, 501878),
(91, 'fast', 20094, 602856),
(91, 'fluctuating', 54254, 1160499),
(91, 'medium_fast', 25117, 753571),
(91, 'medium_slow', 27495, 789030),
(91, 'slow', 31397, 941963),
(92, 'erratic', 12115, 513934),
(92, 'fast', 20535, 622950),
(92, 'fluctuating', 40043, 1214753),
(92, 'medium_fast', 25669, 778688),
(92, 'medium_slow', 28128, 816525),
(92, 'slow', 32086, 973360),
(93, 'erratic', 10508, 526049),
(93, 'fast', 20982, 643485),
(93, 'fluctuating', 57526, 1254796),
(93, 'medium_fast', 26227, 804357),
(93, 'medium_slow', 28767, 844653),
(93, 'slow', 32784, 1005446),
(94, 'erratic', 12163, 536557),
(94, 'fast', 21433, 664467),
(94, 'fluctuating', 42330, 1312322),
(94, 'medium_fast', 26791, 830584),
(94, 'medium_slow', 29415, 873420),
(94, 'slow', 33488, 1038230),
(95, 'erratic', 12202, 548720),
(95, 'fast', 21888, 685900),
(95, 'fluctuating', 60925, 1354652),
(95, 'medium_fast', 27361, 857375),
(95, 'medium_slow', 30068, 902835),
(95, 'slow', 34202, 1071718),
(96, 'erratic', 10411, 560922),
(96, 'fast', 22350, 707788),
(96, 'fluctuating', 44699, 1415577),
(96, 'medium_fast', 27937, 884736),
(96, 'medium_slow', 30729, 932903),
(96, 'slow', 34921, 1105920),
(97, 'erratic', 12206, 571333),
(97, 'fast', 22815, 730138),
(97, 'fluctuating', 64455, 1460276),
(97, 'medium_fast', 28519, 912673),
(97, 'medium_slow', 31398, 963632),
(97, 'slow', 35649, 1140841),
(98, 'erratic', 8343, 583539),
(98, 'fast', 23286, 752953),
(98, 'fluctuating', 47153, 1524731),
(98, 'medium_fast', 29107, 941192),
(98, 'medium_slow', 32073, 995030),
(98, 'slow', 36383, 1176490),
(99, 'erratic', 8118, 591882),
(99, 'fast', 23761, 776239),
(99, 'fluctuating', 68116, 1571884),
(99, 'medium_fast', 29701, 970299),
(99, 'medium_slow', 32757, 1027103),
(99, 'slow', 37127, 1212873),
(100, 'erratic', 0, 600000),
(100, 'fast', 0, 800000),
(100, 'fluctuating', 0, 1640000),
(100, 'medium_fast', 0, 1000000),
(100, 'medium_slow', 0, 1059860),
(100, 'slow', 0, 1250000);

--
-- Table structure for table `attack_categories`
--

CREATE TABLE IF NOT EXISTS `attack_categories` (
  `id` tinyint(4) NOT NULL AUTO_INCREMENT,
  `name` varchar(20) NOT NULL,
  PRIMARY KEY (`id`)
) ENGINE=InnoDB  DEFAULT CHARSET=latin1 AUTO_INCREMENT=4 ;

--
-- Dumping data for table `attack_categories`
--

INSERT INTO `attack_categories` (`id`, `name`) VALUES
(1, 'physical'),
(2, 'special'),
(3, 'status');

--
-- Table structure for table `attacks`
--

CREATE TABLE IF NOT EXISTS `attacks` (
  `id` int(11) NOT NULL,
  `name` varchar(15) NOT NULL,
  `type` varchar(8) NOT NULL COMMENT 'Battle Type',
  `category` int(11) NOT NULL COMMENT 'Effect Type',
  `power` tinyint(4) DEFAULT NULL,
  `accuracy` tinyint(4) DEFAULT NULL,
  `pp` tinyint(4) NOT NULL,
  PRIMARY KEY (`id`)
) ENGINE=InnoDB DEFAULT CHARSET=UTF8;

--
-- Table structure for table `monsters`
--

CREATE TABLE IF NOT EXISTS `monsters` (
  `id` smallint(6) NOT NULL COMMENT 'National Number',
  `hoenn_id` smallint(6) NOT NULL COMMENT 'Hoenn Number',
  `name` varchar(15) NOT NULL,
  `percent_male` float NOT NULL,
  `percent_female` float NOT NULL,
  `class` int(11) NOT NULL COMMENT 'Classification',
  `type_1` varchar(8) NOT NULL,
  `type_2` varchar(8),
  `height` varchar(15) NOT NULL,
  `weight` varchar(15) NOT NULL,
  `colour` varchar(15) NOT NULL COMMENT 'Colour Category',
  `base_hp` int(11) NOT NULL COMMENT 'Base Hit Points',
  `base_atk` int(11) NOT NULL COMMENT 'Base Attack',
  `base_def` int(11) NOT NULL COMMENT 'Base Defense',
  `base_sp_atk` int(11) NOT NULL COMMENT 'Base Special Attack',
  `base_sp_def` int(11) NOT NULL COMMENT 'Base Special Defense',
  `base_spd` int(11) NOT NULL COMMENT 'Base Speed',
  `exp_group` varchar(11) NOT NULL COMMENT 'Experience Group',
  PRIMARY KEY (`id`),
  FOREIGN KEY (`type_1`) REFERENCES monster_types(`id`),
  FOREIGN KEY (`type_2`) REFERENCES monster_types(`id`),
  FOREIGN KEY (`exp_group`) REFERENCES monster_exp_groups(`group`),
  UNIQUE KEY `hoenn_id` (`hoenn_id`)
) ENGINE=InnoDB DEFAULT CHARSET=UTF8;
